id,name,specialization,address,phone_number,email
34,Erik Vazquez,Endocrinologist,"50627 Kari Glens
South Bryce, IA 27638",609-435-9071,ballardsarah@example.com
38,Alexandra Richards,Orthopedic Surgeon,"20306 Pace Manors
New Brendaport, TX 48355",(629)390-2832x8052,kwhitaker@example.net
51,Michelle Adams,Orthopedic Surgeon,"61158 Larry Roads
Michaeltown, WY 93778",(986)506-0347x869,anthony23@example.com
11,Mark Peters,Dermatologist,"7847 Russell Canyon Apt. 054
North Joshua, IA 10389",+1-423-928-4407x58705,simsjill@example.org
112,Brenda Hess,Cardiologist,"29954 Fritz Mill
East Brandy, FL 55191",+1-697-677-4843,gking@example.com
101,Matthew Henry,General Surgeon,"705 Hawkins Stravenue Suite 698
South Emilyton, LA 79546",6983840214,thompsonann@example.net
67,William Johnson,Endocrinologist,"941 Patel Throughway Suite 459
Jacksonview, MO 96297",513.714.8478,christopherstewart@example.com
145,Diana Mclean,Pediatrician,"584 Andrew Pike
Rodriguezville, AL 62193",(295)613-9844x7794,jessica82@example.net
48,Jacqueline Bond,Neurologist,"14597 Todd Common
West Reginabury, MO 59679",695-328-8975x084,nrogers@example.org
35,Tim Martin,Gynecologist,"2719 Mccarthy Drive
New Jamieville, WY 43958",(484)769-6528,wsmith@example.org
128,Stephanie Hart,Neurologist,"7973 Murphy Corner Suite 688
Butlertown, UT 42052",001-820-939-7945x0913,amanda85@example.net
3,Jessica Scott,Dermatologist,"516 Donald Lodge Suite 578
West Michelle, MD 88807",4606196321,brownjulie@example.com
9,Alex Burton,Radiologist,"851 Cheryl Mews Apt. 529
New Caseyland, NM 87562",507.542.1505,qrodgers@example.org
75,Alyssa Callahan,General Surgeon,"80764 Angel Island Apt. 349
Port Angelabury, WV 14499",718-687-1315x9423,sean00@example.org
74,Valerie Parker,Endocrinologist,"4474 Dorothy River Suite 584
Williamsshire, AS 79113",001-938-879-4665x3488,milleredward@example.org
143,Christian Bailey,Orthopedic Surgeon,"162 Martinez Park
West Meghanside, AS 23881",2438465914,lawsondeanna@example.net
40,Amanda Johnson,General Surgeon,"074 Wilson Cove
Crosbychester, MD 46183",(402)283-3256,gardnershawn@example.net
1,Tonya Henry,Gynecologist,"0511 Mark Ville
Vickishire, AR 61313",365-296-3486x3483,veronicamartinez@example.com
45,Judith Lozano,Cardiologist,"4718 Griffin Fort
Dominguezview, ID 16549",493.928.7301x7468,fsimmons@example.net
33,Paula Navarro,Endocrinologist,"3223 Cole Points
Port Michael, DE 28949",486.645.3994x29771,snydervanessa@example.org
57,Jason Morgan,Radiologist,"4785 James Ridge Suite 473
Micheleborough, AS 67599",001-850-496-4854,vholmes@example.org
76,Jason Moore,Cardiologist,"47907 Lisa Trail
Benjaminberg, CO 94577",+1-604-618-5412x74425,fowlerdavid@example.org
20,Bryce Wall,Orthopedic Surgeon,"463 Williams Camp Apt. 631
Port Anthony, NH 44995",834-490-2662x1179,jsandoval@example.net
53,Cindy Stevens,Oncologist,"7779 Tanya Radial
East Edward, AZ 98144",668.667.3982x4541,davidmendez@example.org
17,Christopher King,Neurologist,"5714 Huffman Court
South Timothyview, PR 82856",7898981787,robertschristine@example.net
77,Peggy Ortiz,Orthopedic Surgeon,"PSC 3164, Box 4673
APO AA 39942",834-498-0698x3560,diazscott@example.net
126,Brian Fry,General Surgeon,"471 Michael Mountains Apt. 865
New Michael, MP 44419",372-200-0180,michaelcunningham@example.net
140,Ryan Evans,Oncologist,"457 Moore Landing
Lake Roberttown, UT 40937",5264693501,melissaking@example.net
146,Christie Ryan,Orthopedic Surgeon,"018 Evan Highway Apt. 710
Valeriefort, PW 78041",+1-997-777-2271x0327,phillipsmichael@example.com
94,Alexa Gordon,Endocrinologist,"USCGC Mercado
FPO AP 72272",(479)959-7612x125,nmorris@example.org
123,Sarah Taylor,General Surgeon,"68192 Yolanda Lights Suite 168
Philipmouth, ME 08169",+1-449-708-6332x401,toddyoung@example.net
136,Kenneth Potter,Endocrinologist,"5763 John Summit
South Deannaburgh, OR 07352",001-409-283-2721,gregory97@example.com
13,Amanda Thomas,Gynecologist,"7997 John Plaza
West Susanview, NV 80897",811-910-3777x916,anthonywilliams@example.net
139,Erin Bird,Pediatrician,"USNS Alvarado
FPO AE 33201",(633)830-1694x07610,nicholas77@example.com
10,Ronald Alexander,Gynecologist,"41686 Jones Cape
South Nancyborough, CO 78074",268.296.0304,perryjohn@example.net
121,John Nash,Dermatologist,"09798 Brown Pike Suite 828
Danielmouth, PA 67500",(891)931-4313,amywillis@example.net
92,Stephanie Bright,Oncologist,"0936 Valerie Oval
North Deborahfort, WA 52790",+1-430-831-7100,lucasmichael@example.com
59,Allison Martin,Orthopedic Surgeon,"962 Thompson Alley
Contreraschester, NY 42027",(563)966-0147x629,ericyoung@example.org
114,Michael Hawkins,Dermatologist,"609 Cortez Lakes
Port Lucasfort, OK 87647",001-270-995-4142x027,rachelkeller@example.net
115,Patricia Bennett,Dermatologist,"327 Holden Groves Apt. 161
East Seth, CT 44978",(933)865-7524,samantha53@example.net
43,Hailey Adams,General Surgeon,"3518 Rodney Trace Apt. 275
Hawkinstown, NC 06146",001-708-258-6436x503,derekreeves@example.org
22,Miss Jade Cook,Gynecologist,"42227 Ortega Alley Suite 989
Rogersstad, GA 09103",671.607.7554,matthew21@example.org
147,Holly Jimenez,Neurologist,"47897 Carlos Harbor
Melissaside, FL 98073",446.857.8172x413,jonesdavid@example.org
96,Debbie Browning,Neurologist,"PSC 5990, Box 3258
APO AP 16730",+1-441-550-9532x66407,wilsonsarah@example.net
27,Ashlee Carney,Cardiologist,"9417 Mindy Drive Apt. 213
West Kathrynhaven, MD 28664",894.681.7780,sabrinasmith@example.org
4,Albert Brown,Pediatrician,"4436 Grace Lane
West Vincentville, WY 62482",7617505951,fkoch@example.com
73,Mary Bailey,Neurologist,"66274 Smith Fields
Natalieton, MT 94764",290-595-9616,dianefox@example.net
21,Juan Coffey,Dermatologist,"671 Larsen Field
South Jill, AZ 24782",+1-300-591-2829x8386,johnstonrachel@example.org
89,Michael Williams,General Surgeon,"36828 Molly Road
Spencerfurt, SC 62925",(733)250-9617,jamesrivera@example.net
83,Bradley Mccoy,Oncologist,"76483 Kelsey Gateway Apt. 232
Lake Josephton, IA 83314",+1-494-895-2549x781,robertharris@example.com
78,Dalton Mack,Gynecologist,"69691 Cole Flat Apt. 847
Riddlemouth, FL 11449",781-952-4731,raysarah@example.org
80,Shawn Lewis,Orthopedic Surgeon,"3845 Heather Orchard Apt. 885
Deannaview, AK 44290",(618)500-2126,richard39@example.com
135,Jessica Mckay,Radiologist,"9762 Elliott Vista
Anthonyton, MH 16055",537.646.1167,tiffanyhamilton@example.org
82,Mercedes Cross,General Surgeon,"72043 Brian Stravenue
East James, MA 01303",(779)967-6312x356,melindapayne@example.net
79,Aaron Potter,Radiologist,"33900 Turner Stravenue
Hammondberg, NY 34260",+1-952-229-5948x049,gloriadickerson@example.com
85,Karina Baker,Cardiologist,"660 Courtney Harbors Apt. 934
East Allisonview, NV 69770",8278940749,susan89@example.net
